STN_ID,YEAR,MONTH,DAY,DB06,WB06,DP06,RH06,MAX,MIN,WINDRUN,PRECIP,EVAP,DB12,WB12,DP12,RH-12Z
9136164,2023,5,1,17.6,15.9,15.3,89,20.6,16,51.6,1.3,2.3,20,17.8,16.5,81
9136164,2023,5,2,17.3,15.9,16.2,85, N/A ,15.2,66.4,16.5,4,22.7,17.4,15.6,64
9136164,2023,5,3,16.4,16.4,15.3,93,24.1,15.2,78.9,TR,2,20.4,16.9,15.1,72
9136164,2023,5,4,17.4,15.8,14.7,85,23.7,15.1,76.7,TR,3.5,22.6,17.2,13.8,58
9136164,2023,5,5,16.9,15.6,14.7,86,24.6,14.6,76.7,0,3,23.7,15.8,11.5,46
9136164,2023,5,6,18.4,16.4,15.1,81,24.2,16,81.6,TR,2.5,23,17.8,14.7,59
9136164,2023,5,7,18.6,16.2,14.6,78,24.6,16.3,71.6,0,4.5,24,17.8,14,54
9136164,2023,5,8,17.8,16.4,15.5,87,24.7,15.8,76.1,33.2,6.2,23.5,16.3,13.4,53
9136164,2023,5,9,16,15.5,15.3,95,22.9,15.5,68.7,7,3.5,22.1,16.9,14.4,61
9136164,2023,5,10,16,15.8,15.6,98,23,15.7,57,4.8,3.3,22.3,16.6,14.9,63
9136164,2023,5,11,15.8,14.8,14.3,91,22.8,15.3,69.8,0,2.5,22.1,17,14.6,62
9136164,2023,5,12,17.8,16,14.8,83,24,15.4,84.8,0,4,23.2,17,13.4,54
9136164,2023,5,13,18.2,16,14.6,80,25.4,15.8,78.5,TR,5,23.6,17,12.7,51
9136164,2023,5,14,17.2,16,15.2,88,24.3,15.6,56.3,0,3,23.8,17.8,14.1,61
9136164,2023,5,15,17.1,15.5,14.7,85,24.1,14.5,78.5,0,4,23.3,17,13.8,56
9136164,2023,5,16,17,14.8,13.3,79,24.1,15.8,68.8,2.1,3.6,23,17.8,14.7,59
9136164,2023,5,17,17.5,15.9,15.1,85,23.3,16.2,56.4,TR,1,22,17.1,15.2,66
9136164,2023,5,18,17.2,16,15.2,88,24,15.4,46,4.4,3.3,23.2,17.8,14.5,58
9136164,2023,5,19,17.2,15.8,14.9,86,23.7,15.9,90,0,3.5,22.8,17.4,14.1,58
9136164,2023,5,20,19,16,14,73,26.5,13.2,23.9,0,3.5,25,18,13.7,50
9136164,2023,5,21,19,16.4,14.7,77,26.2,12.8,75.6,0,5,25.2,18,13.6,49
9136164,2023,5,22,17.9,16.1,14.9,82,26,16.6,78.9,0,3.5,25.3,16.9,14,48
9136164,2023,5,23,17.4,15.8,14.7,85,25.5,16.4,48.7,3.8,1.3,21.8,17.8,15.4,67
9136164,2023,5,24,16,14.9,14.3,94,24.5,15.7,79,0,5.5,23.6,17.2,13.1,52
9136164,2023,5,25,19.3,15.9,13.8,70,25.1,15.9,108.8,0,4,23.8,17.2,12,47
9136164,2023,5,26,16,14.6,13.6,86,23.8,15.1,95.1,0,4,22.4,15.8,11.6,51
9136164,2023,5,27,15.2,14,13.1,88,22.4,14.5,77.8,TR,2,19.8,15.4,12.4,62
9136164,2023,5,28,16.4,14.6,13.3,82,22.8,14.2,99.4,4,3,22.2,15.8,11.3,50
9136164,2023,5,29,14.8,14.1,13.7,92,18.9,13.9,57.5,1.2,2.7,18.6,15.7,14.1,75
9136164,2023,5,30,16.8,13.9,12.6,76,21.3,14.1,64.7,0,1.5,19.7,16,13.6,68
9136164,2023,5,31,17,15.2,13.9,80,23.1,14.2,71.9,TR,2.5,22.6,17.8,13.1,54
9037202,2023,5,1,18,16.5,15.8,57,21.6,16.5,23.5,15.4,3.4,19.6,17.5,16.5,82
9037202,2023,5,2,20.5,17.8,16.5,78,24.4,16,63.9,9.5,4,23.4,19.4,17.7,70
9037202,2023,5,3,17.5,16.6,16.2,92,23,16.4,35.1,0.3,1.8,21.3,18.5,17.3,78
9037202,2023,5,4,18.5,16.5,15.5,83,25.2,15.1,58.6,0.7,3,24.5,19.3,17.1,63
9037202,2023,5,5,18.3,16.5,15.6,84,25.4,16.5,70.7,0.9,3.7,24.4,18.5,15.7,59
9037202,2023,5,6,18.7,17,16.3,85,25.6,16.6,75,0,4.4,25.2,19.2,16.6,59
9037202,2023,5,7,17.9,16.1,15.2,84,25.2,16.6,77,0.5,4,24.9,18.7,15.8,57
9037202,2023,5,8,19,17,16,82,25.8,16.4,65.8,0.8,3,24,19.1,16.9,69
9037202,2023,5,9,17.7,16.5,15.9,89,24.5,16.2,64.9,11.7,2.8,24,18.5,16,61
9037202,2023,5,10,17.4,16,15.3,87,25,16.2,62.1,0,5.2,23.8,18.3,15.7,61
9037202,2023,5,11,18.2,16.1,15,82,24.3,16,44.3,0,3,23.5,18.4,16,63
9037202,2023,5,12,19.9,15.5,13.1,65,26,16,60.1,2.9,4.4,24,18.3,15.6,59
9037202,2023,5,13,19.5,17.5,16.6,83,27,17,56.7,0.4,1.9,25.5,19,16,56
9037202,2023,5,14,19,17,16,83,26,16,59.6,0,3.5,26,19,15.1,57
9037202,2023,5,15,18,17,16.9,91,25.9,16.1,58.1,0,4,24.7,18.4,15.4,56
9037202,2023,5,16,21,17,15,69,26,16.5,36.3,1.7,2.7,24.4,18.2,15.3,57
9037202,2023,5,17,18.9,17.2,16.4,85,25.3,17.2,62.2,12.5,4,24,18.3,15.6,59
9037202,2023,5,18,18.9,16.2,14.8,77,25.8,16.3,51.4,0,3.5,25.2,18.8,15.9,56
9037202,2023,5,19,17.7,16.5,15.9,89,26,16.5,37.5,0,3.5,25,18.9,16.1,58
9037202,2023,5,20,20.4,17.2,15.7,74,26.9,14.6,42.1,0,4.5,26.3,19.5,15.6,66
9037202,2023,5,21,18,17,15.8,87,26.2,13.5,57.6,0,3.5,26.2,19.2,15.4,58
9037202,2023,5,22,18.6,17,16.2,86,26.5,17.5,71.3,3.2,3.2,25.7,19.4,16.6,57
9037202,2023,5,23,18.7,17.1,16.4,84,25.6,17.4,67.6,3.6,4.1,24.6,17.5,16.8,61
9037202,2023,5,24,18.9,18,16.1,84,26,16.1,37.9,0T,2,24.5,18.7,16,59
9037202,2023,5,25,18.2,15.7,14.4,78,25.6,16.5,47.8,0,3.5,25.2,18.8,15.9,56
9037202,2023,5,26,17.6,16.2,15.5,87,25.8,16.4,56.8,1.4,4.4,24.5,18,14.9,55
9037202,2023,5,27,16.7,14.7,13.6,82,23.4,14.9,51.3,4,3,23,17,13.4,54
9037202,2023,5,28,17,15.4,14.6,85,25,14.8,44.3,0.9,2.9,23.5,16.5,12.8,51
9037202,2023,5,29,18.4,15.2,13.5,73,23.2,15,51.2,7.2,3.2,22,17,14.5,62
9037202,2023,5,30,17.9,16,15,83,24.6,15.4,42.1,0,2.5,23.5,18,15.4,60
9037202,2023,5,31,19.8,16.4,14.7,72,25,15.1,46.9,0.9,3.4,23.2,17.8,15.2,61
9136269,2023,5,1,15.3,15,14.5,95,18.9,13.9,,8.3,1.8,17.3,16.4,15.9,91
9136269,2023,5,2,15.4,14.8,14.6,92,22.6,14.5,,50.1,OVFLOW,21.3,17.2,15.2,68
9136269,2023,5,3,15.5,15.2,14.8,96,20.9,15,,0,2.5,19.6,17.1,15.9,79
9136269,2023,5,4,16,14.9,14.3,90,22.4,13.8,,0,4,21.5,16.3,12.9,58
9136269,2023,5,5,15.2,14.8,14.3,93,22.9,14.2,,0,4,22.1,16.5,12.9,56
9136269,2023,5,6,15.5,15,14.4,93,22.8,14.5,,0,4,22.6,16.6,13.1,55
9136269,2023,5,7,15.9,16.2,14.7,92,23.3,14.8,,0,4.5,22.6,16.3,12.3,52
9136269,2023,5,8,17,15.7,14.6,86,22.8,14.8,,3.7,4.2,22.4,16.9,13.3,56
9136269,2023,5,9,15,14.7,14.4,97,21.7,14.5,,2.6,3.6,21,17,14.5,66
9136269,2023,5,10,15,14.7,14.3,95,21.9,14.6,,0.7,4.2,21,16.8,14.2,65
9136269,2023,5,11,14.8,14.3,13.8,94,21.1,14.2,,0,1.5,21,15.9,13.2,64
9136269,2023,5,12,15.4,14.7,14.1,92,22.7,13.4,,0,4.5,21.8,16.6,12.9,57
9136269,2023,5,13,16.7,15.6,14.7,88,24,13.6,,0,4.5,23.1,16.8,12,51
9136269,2023,5,14,15.6,15.2,14.6,94,23,14.8,,0,3.5,22.6,17.4,13.8,57
9136269,2023,5,15,15.4,14.6,14,91,22.8,12.9,,0,6.5,22.3,17.4,14.2,61
9136269,2023,5,16,15.6,14,12.7,82,22.7,14,,0,3.5,21.7,16.7,13.2,58
9136269,2023,5,17,16,15.3,14.3,90,22.1,14.7,,0,2.5,21,17.1,14.3,68
9136269,2023,5,18,17.8,15.8,14.1,79,23.5,14.3,,0,4,22.8,17.5,14,58
9136269,2023,5,19,15.9,15.1,14.3,91,22.8,14.5,,0,4,22,16.7,13.6,58
9136269,2023,5,20,17.9,15.3,13.5,75,24.5,11.8,,0,4,23.9,17,13,50
9136269,2023,5,21,17.6,15.3,14.4,81,24.8,12.5,,0,6,24.6,17.1,12,46
9136269,2023,5,22,16,15.2,14.2,89,24.7,14.9,,0,5.5,24.1,16.5,12.1,46
9136269,2023,5,23,16.3,15.4,14.3,88,24.3,15.1,,0,3,24.1,16.9,12.6,49
9136269,2023,5,24,15.3,14.4,13.7,90,23.4,14.3,,0,4.5,22.9,16.6,12.7,51
9136269,2023,5,25,17.3,15.2,13.8,93,24,14.4,,0,5.5,22.4,15.8,11.4,52
9136269,2023,5,26,14.4,13.2,12.3,94,22.5,13,,0,5,21.9,15.8,11.5,51
9136269,2023,5,27,13.7,13,12.5,93,20.3,12.9,,0.5,3.5,19.9,15.2,11.6,59
9136269,2023,5,28,13.9,13.1,11.8,88,22.2,12.4,,3.7,4.7,21.6,14.6,11.3,50
9136269,2023,5,29,13.4,13.3,13.3,99,16.8,13.3,,3.8,0.3,16.1,14.9,13.9,88
9136269,2023,5,30,14.5,13.3,12.1,86,19.4,12.6,,0,3,18.4,15.5,13.5,73
9136269,2023,5,31,14.8,14.3,13.9,94,19.4,13.3,,0,0,21.8,16.6,13.5,59
9135001,2023,5,1,16.7,15.6,14.7,88,22.2,15.2,,20.4,20.4,17.7,16.7,15.8,88
9135001,2023,5,2,16.1,15.2,14.3,88,20.7,12.7,,4.2,O/F,19.5,17.8,16.2,82
9135001,2023,5,3,16.5,16,15.6,95,22.1,15.9,,1.7,1.7,19.6,17.9,16.3,82
9135001,2023,5,4,17.9,16,14.3,79,21.4,14.6,,TR,0,22.4,17.8,13.6,58
9135001,2023,5,5,17.5,15.8,14.2,81,23.3,14.2,,0,0,22.9,18,13.6,56
9135001,2023,5,6,16.7,15.3,14,84,23.5,14.3,,0,0,22.9,17.6,12.8,53
9135001,2023,5,7,17,15.5,14.1,84,23.4,12.8,,1.1,1.1,23.8,18.1,13,51
9135001,2023,5,8,16.7,15,14.6,87,23.9,13.4,,0,0,23.6,19.2,15.2,56
9135001,2023,5,9,17.1,15.8,14.6,85,23.7,14.3,,TR,0,22.5,18.1,14.1,59
9135001,2023,5,10,15.9,15.1,14.4,91,22.9,15.6,,0,0,21.1,17.6,14.5,67
9135001,2023,5,11,18.1,15.8,13.8,76,22.5,14.6,,0,0,21.5,17.4,13.8,62
9135001,2023,5,12,16.9,15.5,14.3,85,23.9,13.3,,0,0,23.4,18.5,14,55
9135001,2023,5,13,17.5,15.8,14.2,82,24.2,10.1,,0,0,23.8,18.4,13.5,54
9135001,2023,5,14,18,16.3,14.7,81,24.1,15,,0,0,23.8,18.9,14.5,56
9135001,2023,5,15,18.7,16.3,14.2,75,24.9,11.8,,5.4,5.4,24.4,18.8,13.8,51
9135001,2023,5,16,17.7,16.3,15,85,23.9,15.1,,6.7,6.7,22.9,18.5,14.6,60
9135001,2023,5,17,16.3,15.6,14.9,91,22.5,14.7,,0,0,21.4,17.8,14.6,65
9135001,2023,5,18,19.2,16.8,14.6,75,24.1,13.3,,TR,0,22.7,18.4,14.5,60
9135001,2023,5,19,17.3,15.8,14.5,84,24,15.9,,0,0,22.7,18.1,14,58
9135001,2023,5,20,17.4,15.1,13,74,27.7,10.2,,0,0,25.5,18.6,12.3,43
9135001,2023,5,21,19.4,16,12.9,66,25.7,10.6,,0,0,24.9,17.8,11.5,43
9135001,2023,5,22,16.7,15.4,14.2,85,25.4,10.6,,0.6,O/F,24.8,19.1,14.2,51
9135001,2023,5,23,17,15.9,14.9,88,24.9,14.4,,0,0,24.2,19.1,14.5,55
9135001,2023,5,24,17.4,15.7,14.2,83,24,13.7,,0,0,23.4,18.4,13.9,56
9135001,2023,5,25,18.6,15.8,13.2,71,25.2,10.5,,0,0,24.4,18.6,13.4,50
9135001,2023,5,26,16.8,14.8,13,79,23,11.7,,0,0,22.1,16.5,11.4,51
9135001,2023,5,27,16,12.5,12.1,78,23,12.1,,0,0,22.7,16.4,10.8,47
9135001,2023,5,28,16.3,13.9,11.7,74,23.5,12.1,,0,0,23,14.6,8.3,38
9135001,2023,5,29,17.4,15.1,12.8,74,21.1,13,,0,O/F,20,15.8,12.1,60
9135001,2023,5,30,15.4,14.1,12.9,85,22.1,14.6,,0,0,21.5,17,13,60
9135001,2023,5,31,16.4,14.8,13.3,82,24.2,13.9,,0,0,22,16.6,11.8,53
9039000,2023,5,1,26.6,23.5,22,76,32.6,24.6,115.9,0,4,30.7,24.9,22.2,65
9039000,2023,5,2,27.7,24,22.2,72,34.5,23.6,223.2,0,6.5,34,24.2,19.3,42
9039000,2023,5,3,26.5,23.9,22.7,80,33.1,24.7,193.4,0,6,31.8,24.3,20.7,52
9039000,2023,5,4,27.8,24.2,22.5,73,34.9,24.2,222.9,0,6.5,34.9,24.5,19.3,40
9039000,2023,5,5,27.5,24,22.4,74,34.5,25,217.8,0,6.5,34.2,24.6,19.9,51
9039000,2023,5,6,27.3,23.9,22.3,74,34.9,25.2,221.6,0,7,33.9,24.5,19.9,44
9039000,2023,5,7,27.6,24.3,22.8,75,34.6,25.4,201.1,1,6,33.7,25,20.9,47
9039000,2023,5,8,28.2,24.2,22.4,71,34.6,24.2,230.7,0,7,34,24.9,20.6,46
9039000,2023,5,9,28.2,24.2,22.4,71,34.9,24.9,253.6,0,7.5,34.5,24.8,20.1,43
9039000,2023,5,10,27.7,24,22.2,72,35,25.2,220.3,0,7.5,34.6,23.9,18.4,39
9039000,2023,5,11,28.2,24.2,22.4,71,34.6,25.1,202.9,0,7.5,33.2,24.5,20.3,47
9039000,2023,5,12,28.6,23.9,21.6,67,35.1,24.2,233.4,0,8,35,24.3,18.9,39
9039000,2023,5,13,28.5,24.3,22.4,70,35.1,24.7,233.9,0,7.5,35.1,25.1,20.3,42
9039000,2023,5,14,27.9,24.2,22.5,73,35.3,25,240.6,0,8,35.2,24.2,18.6,38
9039000,2023,5,15,27.9,24,22.2,71,36,25,223.8,0,8,35,24.4,19.1,39
9039000,2023,5,16,28,24.2,22,70,35.8,24.2,220.4,0,8,35.3,24.6,19.3,39
9039000,2023,5,17,27.8,24.2,22.5,73,35.8,25,233.5,0,7.5,35.1,24.5,19.2,40
9039000,2023,5,18,27.6,24.3,22.8,75,36,25.4,220.6,0,7,34.4,23.8,18.3,39
9039000,2023,5,19,27.8,23.7,21.7,69,35.5,24.7,199.3,0,7.5,34.9,24.3,19,39
9039000,2023,5,20,27.2,23.5,21.7,72,36.2,24.3,190.1,0,7.5,35.5,24.1,18.2,36
9039000,2023,5,21,27.4,24,22.4,74,35.9,25,215.4,0,7,35.8,24.8,19.4,39
9039000,2023,5,22,27.5,24.5,23.2,77,34.5,24.6,224,TR,6.5,34.1,25.5,21.6,48
9039000,2023,5,23,27.8,24.3,22.7,74,34,25.6,243.1,0,6,33.8,25.4,21.6,49
9039000,2023,5,24,27.5,23.7,21.9,72,34.8,24.5,227.8,0,7.5,33.8,24.1,19.2,42
9039000,2023,5,25,27.5,24,22.4,74,35.6,24.4,241.2,0,7,35.4,24.6,19.2,39
9039000,2023,5,26,28,23.8,21.8,69,34.8,24.8,244.4,0,8,34.5,22.7,16,33
9039000,2023,5,27,27.9,23.6,21.4,68,33.2,25,180.5,8.8,1.9,32,23.9,19.9,49
9039000,2023,5,28,26.6,22.6,20.6,69,34,23.1,150.6,0,5,33.5,23.5,18.3,41
9039000,2023,5,29,26.5,23,21.2,73,33.8,23.1,180.1,0,6.5,32.6,23.6,19,45
9039000,2023,5,30,27.8,23.2,20.9,66,30.9,23.2,226.3,0,6,30.5,23.5,20,54
9039000,2023,5,31,27,23,21,70,34,24.5,237.62,0,9,33.6,23.6,18.4,41
9136168,2023,5,1,18.4,17.4,17,91,21.4,16.4,130,33.6,,20.6,17.9,16.1,77
9136168,2023,5,2,19.2,16.6,15.3,77,24.4,15.5,184.9,0,,23.2,18.6,16.4,65
9136168,2023,5,3,17.8,16.7,16.2,90,23,16.9,175.5,0.8,,21.7,18.1,16.4,71
9136168,2023,5,4,18,16.6,15.9,87,24.8,15.6,142.7,0,,24.2,16.8,12.5,47
9136168,2023,5,5,17.3,16.2,15.7,89,25.1,15.9,156.9,0,,24.8,18.2,14.8,52
9136168,2023,5,6,19.2,16.7,15.4,78,25.4,16.4,169,0,,24.5,14.8,14.8,54
9136168,2023,5,7,18.2,16.7,16,86,25.7,16.8,155,0,,24.7,18.1,14.6,53
9136168,2023,5,8,20.1,17.6,16.4,78,25.2,16.3,164.7,2.6,,25,17.9,14,50
9136168,2023,5,9,17.8,16.9,16.5,92,23.9,16.8,143.8,0,,23.6,18,15.1,57
9136168,2023,5,10,18.4,16.7,15.9,84,24.1,16.8,111.3,0,,22.7,17.8,15.3,62
9136168,2023,5,11,17.4,16.3,15.6,89,24.4,15.6,119.2,0,,22.8,17.5,14.5,60
9136168,2023,5,12,19.7,14.8,14.8,74,25.7,15.5,139.1,0,,24,18,14.3,50
9136168,2023,5,13,18.5,16.5,15.5,82,26.2,16.3,151,0,,24.4,17.4,13.2,49
9136168,2023,5,14,18.2,17,15.9,82,24.9,16.8,97.3,0.6,,20.5,17.5,16,75
9136168,2023,5,15,15.7,16,15.5,89,24.8,15.2,129.6,0,,23.5,17.8,14.8,57
9136168,2023,5,16,17.6,15.1,13.6,77,25.2,16,148,0,,24.5,18.4,15.3,56
9136168,2023,5,17,18.3,16.8,16.1,86,25.1,16.7,131.8,0,,24,18.7,16.1,60
9136168,2023,5,18,18.4,16.2,14.7,80,26.2,15.1,160.5,0,,25.4,18,14,48
9136168,2023,5,19,18.4,16.7,15.5,83,25.9,16.9,123.7,0,,24,17.8,14.2,52
9136168,2023,5,20,18.4,15.8,14.3,66,29.5,12.5,121.1,0,,27.4,18.8,14.3,43
9136168,2023,5,21,20.1,17.3,15.9,76,28,14.7,177.2,0,,25.6,18.7,15.2,51
9136168,2023,5,22,19.4,17.4,16.4,82,28,16.8,159,0,,26.4,17.1,11.5,39
9136168,2023,5,23,20.7,17.4,15.7,72,27.3,17,173.1,0,,24.4,18,14.6,53
9136168,2023,5,24,19.3,16.8,15.6,79,26.6,16.9,164.5,0,,25.3,18.7,15.3,53
9136168,2023,5,25,20.1,17,15.4,74,26.2,15.7,206.6,0,,24.7,17.6,13.7,49
9136168,2023,5,26,18.2,15.4,13.8,75,24.9,15.5,129.5,0,,24.4,16.7,12.1,45
9136168,2023,5,27,17.1,14.6,13.1,77,22.4,14.5,188.3,0.8,,21.7,16,12.6,55
9136168,2023,5,28,16.8,15,14,83,24.7,14.6,263.9,1.2,,23.8,15.8,10.7,43
9136168,2023,5,29,16.3,14.9,14.1,86,20.9,14.3,156.7,0.8,,19.6,16.7,15.2,75
9136168,2023,5,30,18.7,15.6,13.9,73,23.3,14.8,153.9,0,,21.3,16.3,13.4,59
9136168,2023,5,31,17.9,15.7,14.5,79,25.1,16,135.2,0,,23.8,17.4,13.9,53
9035349,2023,5,1,16,15,14.5,90,21.4,14.5,­,25.3,­,20.8,17.2,15.1,69
9035349,2023,5,2,18,15.5,14.5,79,24,12.5,­,3,­,23.5,17.7,14.2,55
9035349,2023,5,3,18.7,16.5,15.3,79,23.7,15.5,­,11.1,­,23.7,18.2,15,57
9035349,2023,5,4,17.7,15.5,14.2,79,24,12.3,­,0.4,­,23.5,16.5,11.8,47
9035349,2023,5,5,18.5,15.3,13.3,71,24,11.6,­,3.8,­,19.9,17,15.4,74
9035349,2023,5,6,19.2,15,12.2,63,26,12,­,12.9,­,25.5,17.5,12.3,43
9035349,2023,5,7,18.2,15.5,13.8,75,25,12.8,­,0,­,24.6,17,12,44
9035349,2023,5,8,19,15.5,13.3,69,26,13,­,0,­,25.9,17.5,12,41
9035349,2023,5,9,18,15,13.1,72,25.7,12,­,6,­,25,16.8,11.3,41
9035349,2023,5,10,17.5,15.5,14.3,81,24.7,13.6,­,1.7,­,23.9,17.5,13.5,51
9035349,2023,5,11,18,15.6,14.2,77,25.4,13,­,2.5,­,25,17.5,12.7,45
9035349,2023,5,12,18,15.3,13.6,75,26,12.5,­,3.5,­,25.5,16.8,10.8,39
9035349,2023,5,13,18,15,13.1,72,27.6,12,­,TR,­,26.5,16.2,8.6,31
9035349,2023,5,14,19,16,14.2,73,25.5,13.7,­,0.6,­,24.8,17.5,12.9,46
9035349,2023,5,15,18.8,15.8,14,73,26.8,12.6,,TR,­,26.5,17.7,12,40
9035349,2023,5,16,20.3,16.4,14.1,67,26.2,15.4,­,16.7,­,25,17.7,13.1,47
9035349,2023,5,17,20,16.6,14.6,70,25.2,14.4,­,13.7,­,23.7,16.5,16.5,63
9035349,2023,5,18,20.1,16.5,14.3,68,25.2,13.7,­,TR,­,23.2,17.7,14.4,57
9035349,2023,5,19,19.7,16.2,14.1,69,25.7,13.2,­,TR,­,25.5,17.7,12.7,44
9035349,2023,5,20,20.2,16,13.3,64,27,9.7,­,0,­,26.2,17.2,11.1,38
9035349,2023,5,21,20.2,15.7,12.8,61,26.6,11.6,­,1.1,­,26.6,17.2,10.8,36
9035349,2023,5,22,18.5,15.5,13.6,72,26.8,12.8,­,0,­,26,17.5,11.9,41
9035349,2023,5,23,19.4,16.3,14.4,72,25.8,14.5,­,2.2,­,25,17.8,13.3,47
9035349,2023,5,24,18,15.7,14.3,78,26.7,11.1,­,3.4,­,25.6,18,13.3,45
9035349,2023,5,25,17.8,15,13.2,74,26,13.5,­,2,­,25.5,18.4,14.1,48
9035349,2023,5,26,18,15,13.1,72,25,13.4,­,0,­,24,17.5,13.5,51
9035349,2023,5,27,17.5,14.5,12.5,72,25,12.6,­,0,­,24,16,10.3,41
9035349,2023,5,28,17.5,13.3,10.2,61,23.8,12.4,­,0,­,23.5,15.6,9.9,41
9035349,2023,5,29,18,14.2,11.1,61,24.2,10.2,­,0,­,25.2,16.4,11.9,48
9035349,2023,5,30,18.8,15.2,12.9,68,24.3,11.7,,3.8,,23.8,17,12.6,49
9035349,2023,5,31,17.8,15.2,13.6,75,24.4,14,,0,,23.7,16.6,11.9,47
9034088,2023,5,1,18.3,17,16.3,80,21.4,15.5,,34.4,4.9,20.8,18.4,17.2,74
9034088,2023,5,2,19.8,17.1,15.6,70,25,14.3,,0,0,24.4,20,17.8,67
9034088,2023,5,3,18.7,17.1,16.2,85,25.8,16.9,,0.9,1.9,17.8,16.2,15.3,74
9034088,2023,5,4,20.1,17.9,16.6,73,25,15.2,,33.1,5.1,24.2,20,17.9,64
9034088,2023,5,5,19.6,17.6,16.5,74,24.7,15.4,,30.2,5.7,24.7,20.4,18.3,59
9034088,2023,5,6,19.3,16.8,15.3,73,27.1,15.3,,0,3.5,25.5,18,13.6,38
9034088,2023,5,7,20,16.9,15.1,66,26.6,17,,1.1,3.6,26.6,21,18.4,50
9034088,2023,5,8,20.9,18,16.4,67,27.8,15.4,,1.7,4.2,26.2,20.2,17.2,58
9034088,2023,5,9,20,17.2,15.6,76,26.2,16.6,,0.8,3.3,25,20,18.6,60
9034088,2023,5,10,20,16.7,14.6,69,27.4,15.4,,18.7,4.7,26.8,20.3,17.1,47
9034088,2023,5,11,19.9,17,15.3,73,26.2,16.5,,8.7,3.2,25.4,20.5,16.6,53
9034088,2023,5,12,20.6,17.5,15.9,63,27.5,16.1,,0,4,26.4,21,18.4,53
9034088,2023,5,13,21.6,15.7,11.8,53,28.6,15.6,,0,4,28,21.3,18.2,48
9034088,2023,5,14,21.2,17.9,16,68,27.5,16.4,,0.6,4.6,27,20.7,17.6,57
9034088,2023,5,15,21,17.6,15.7,72,27,16.2,,TR,3.5,25.6,21.5,19.7,60
9034088,2023,5,16,20.8,17.6,15.8,73,28,17.1,,3.1,3.1,28,21.5,18.6,54
9034088,2023,5,17,19.8,17,15.4,70,26.8,17.4,,8.2,3.2,25.8,21,17.4,56
9034088,2023,5,18,18.8,16.6,15.3,74,27,17.8,,10.5,2.5,27,21.8,19.4,50
9034088,2023,5,19,21.1,18.3,16.8,73,27.4,15.6,,5.4,2.9,27.2,20.5,16.7,56
9034088,2023,5,20,20.8,16.8,14.4,65,27.7,15.5,,0,4,27.2,20.7,17.3,50
9034088,2023,5,21,22.4,17.5,15,59,27.5,16.3,,10.6,4.6,27.5,21.4,18.6,58
9034088,2023,5,22,21,17.5,15.6,71,28,16.1,,40.1,6.1,26.8,21,18.2,63
9034088,2023,5,23,20.2,17.5,15.3,73,26,15.9,,12.8,4.8,25.2,20.8,18.7,68
9034088,2023,5,24,20.4,17.2,15.4,73,28.3,16.1,,30.3,4.3,26.8,21.4,18.9,56
9034088,2023,5,25,19.4,16.1,14,64,27.9,15.9,,5.5,4.5,27.5,21,17.4,44
9034088,2023,5,26,19,15.9,14,67,25.6,16.3,,0.6,5.6,26,19.5,15.4,48
9034088,2023,5,27,19.4,15.7,13.6,63,26.2,15.4,,0,4,25.8,18.3,14,48
9034088,2023,5,28,18.5,15.5,13.6,73,25,15.5,,0,5,24.8,17,12,38
9034088,2023,5,29,20.4,16.1,13.4,61,24.7,16,,0,4.5,24.7,18.5,14.7,49
9034088,2023,5,30,20.1,16.5,14.3,67,25.4,15.6,,6.1,3.1,25,19.6,16.8,51
9034088,2023,5,31,20.4,17,15.1,65,25,16.1,,9.4,3.4,25,20,17.5,54
9034025,2023,5,1,21,18.4,16.7,76,24.4,17.4,91.2,7.3,0.3,23.7,19.6,17.1,66
9034025,2023,5,2,21,18.8,17.4,80,27.2,16.6,105.7,62.6,5.6,26.3,22.2,19.6,66
9034025,2023,5,3,22.7,20.1,18.7,78,29.2,18.5,99.8,12.4,6.9,29.2,22.7,19.4,55
9034025,2023,5,4,21.9,20,18.9,83,26.8,17.5,90.9,1.4,2.9,26.7,22.2,19.7,67
9034025,2023,5,5,22.5,19.7,17.9,75,27.8,18.7,129.1,3.5,4.5,27,21.6,18.5,59
9034025,2023,5,6,22.8,18.8,16.2,66,29.3,17.6,92.3,TR,6,28.3,21.4,17.4,51
9034025,2023,5,7,22.9,19.2,17,69,28,18.2,88.4,0,5,27.8,21.7,18.4,56
9034025,2023,5,8,24.1,20.4,18.2,69,27.7,18.6,99.1,5.5,7,24.2,21.8,20.4,79
9034025,2023,5,9,23.7,20.6,18.7,73,27.5,18.2,103.7,TR,3.5,27.3,22.4,19.8,63
9034025,2023,5,10,23.2,20,18,72,28.5,18.3,104.3,0,6,28.5,21.2,19.1,56
9034025,2023,5,11,24,20.5,18.3,69,29.2,19,107.1,0.2,4.2,28.7,21.2,16.8,49
9034025,2023,5,12,22.8,19.9,18.2,75,28.8,19.1,90,0.3,5.8,27.9,20.4,15.8,47
9034025,2023,5,13,24.3,20.3,17.9,67,29.3,19.4,102.5,0,5,28.7,20.5,15.4,44
9034025,2023,5,14,24.5,20.5,18.1,68,29.5,19,97.3,0,6.5,28.6,21.5,17.4,51
9034025,2023,5,15,24.4,19.6,16.6,62,29.8,17.9,97.1,0,5,29.1,22.2,18.4,52
9034025,2023,5,16,23.2,19.3,16.8,67,30.7,17.8,85.8,0,4.5,29.6,21.8,17.3,47
9034025,2023,5,17,23,19.5,17.3,70,29.5,18.7,85.9,13.9,3.4,27.4,20.7,16.6,51
9034025,2023,5,18,24.9,21.3,19.3,71,29.3,18.4,102.9,13.2,18.2,27.5,21.3,17.8,55
9034025,2023,5,19,23.6,20.5,18.7,74,29.5,18.9,106.8,0,4.5,29.2,20.8,15.5,47
9034025,2023,5,20,24.7,19.6,16.3,59,29.4,18.3,82.2,0,4.5,29.2,21.2,16.3,45
9034025,2023,5,21,24,19.2,16.1,61,29.3,17.8,99.5,0,4.5,29,22.2,18.4,52
9034025,2023,5,22,24.6,19.8,16.7,61,29.8,19.2,113.9,0,6.9,29.5,22,17.9,49
9034025,2023,5,23,24.1,19.5,16.7,63,29.6,19.1,99.8,7.9,5,29,21.3,16.8,47
9034025,2023,5,24,23.1,18.8,16,64,29.1,18.9,91.3,2.5,5,28.6,21.3,17.1,49
9034025,2023,5,25,23.9,18.8,15.5,59,29.9,18.1,91.5,0,5.5,29.7,21,15.7,42
9034025,2023,5,26,28.7,19.4,16.7,63,30.1,19.2,95.3,0,5.8,29.3,21.7,17.4,48
9034025,2023,5,27,22.4,18,14.9,63,29.8,17.5,81.5,2.8,5.5,29.4,20.6,15,41
9034025,2023,5,28,23.3,17.6,13.4,55,30.3,16.8,91.4,0,5,29.2,20.6,15.2,42
9034025,2023,5,29,23.8,18,13.8,54,29.4,17.4,94.7,0,6,28.9,20.9,16,45
9034025,2023,5,30,23.5,18.2,14.5,57,28.8,17.9,123.8,0,5.6,28.2,21.3,17.3,51
9034025,2023,5,31,23.3,19.5,17.1,68,27.3,18.6,95.1,3.1,3.8,23.6,19,16,62
8834098,2023,5,1,17.6,16.1,15.4,86,22.8,15.5,50.6,TR,2,21.2,17.3,15.3,68
8834098,2023,5,2,17.6,16.4,15.9,89,25.6,14.4,40.5,2,4,25.6,19.5,16.7,57
8834098,2023,5,3,19.5,18.3,17.9,89,26.2,14.6,10,30.8,,18.2,17,16.5,89
8834098,2023,5,4,17.3,16.8,16.7,95,25,15.4,29.6,9.4,4.4,22.8,18.5,16.5,66
8834098,2023,5,5,18.7,17.8,17.5,92,25,15.7,29.4,0.6,3.1,22,19,17.7,75
8834098,2023,5,6,18,17.1,16.8,97,26.7,12.5,23.9,22.1,6.1,26,19.4,16.3,54
8834098,2023,5,7,17.5,17,16.9,95,25.8,12.7,27,0,3.5,25.1,19.8,27.4,61
8834098,2023,5,8,19.2,17.1,16.1,81,27.4,13,29,0,4,26.5,19.5,16.2,52
8834098,2023,5,9,18.3,16.8,16.1,86,26.1,13.8,21,1,2,17.7,15.7,14.7,81
8834098,2023,5,10,18.2,17.1,16.7,90,26.8,13.5,20,0.1,2.1,25.2,18.7,15.5,54
8834098,2023,5,11,18.2,17.2,16.8,91,27,13.6,20,0,3.5,26.2,18.8,15.1,49
8834098,2023,5,12,18.2,16.6,25.9,85,28.5,13.7,30,0,5,27.8,18.2,12.9,39
8834098,2023,5,13,19.2,15.8,13.9,70,28.2,13.4,27.2,0,4.5,28,17.4,11,34
8834098,2023,5,14,18.4,16.5,15.6,83,29,13.7,22.8,TR,3,27.2,19.6,16,49
8834098,2023,5,15,19.2,16.7,15.5,78,26.7,14,20,5.8,3.3,25.6,20,17.5,60
8834098,2023,5,16,19.2,17.5,16.8,85,27.3,13.7,20,39.1,3.1,25.3,19.5,16.8,58
8834098,2023,5,17,19.8,18.3,17.7,87,26.4,14.8,19.4,11.4,2.9,22,18.3,16.6,70
8834098,2023,5,18,19,17.5,16.9,86,26,16.2,20.6,4.9,3.4,20.7,17.8,16.4,76
8834098,2023,5,19,18.2,17.7,17.6,95,26.6,13.8,29.7,6,5,26.6,18.2,13.7,44
8834098,2023,5,20,18,16,15,82,26.4,13,20.3,0,3.5,26.4,19,15.3,49
8834098,2023,5,21,17.3,15.6,14.7,84,28.4,11.8,20,7.4,3.9,28.1,20.5,17.1,50
8834098,2023,5,22,17.7,16.9,16.6,92,28.2,13,20,0.2,2.7,27.8,19,14.5,43
8834098,2023,5,23,17.8,15.8,14.8,82,27.3,12.5,23.6,TR,2.5,21.1,17.6,15.9,71
8834098,2023,5,24,18.7,17.6,17.2,90,28.9,15.2,19.4,23.7,7.2,28.4,20.7,17.3,50
8834098,2023,5,25,17.1,16.6,16.5,95,27.4,13,26.5,0,3,26.4,19.8,16.8,54
8834098,2023,5,26,17.8,17,16.7,92,26,13.2,20.5,11.5,4.5,18,16.2,15.3,83
8834098,2023,5,27,17.3,16,15.4,88,26.7,13.5,21,0,4,26.2,17.1,11.7,39
8834098,2023,5,28,17,16.2,15.9,92,27.8,12.8,29,0,4,27.7,17,10.3,33
8834098,2023,5,29,16.9,14.9,13.8,81,25.5,15,20,0,3,25.2,16.8,11.8,42
8834098,2023,5,30,17.7,15,13.4,75,27,12.6,19.9,0.7,3.2,25.6,18.6,15,51
8834098,2023,5,31,17.2,16.7,16.6,95,24.1,13.4,20.2,5.4,2.4,23.5,19,16.9,65
8937022,2023,5,1,15.7,15.4,15.1,96,23.4,14.6,109.41,TR,4.5,20.6,17.1,15.2,71
8937022,2023,5,2,17.6,15.4,14.2,80,24.7,10.8,61.11,0.6,2.4,17.8,16.6,16.1,89
8937022,2023,5,3,19.3,16.9,15.7,79,23.3,13.8,160.8,0,4,22.1,17.9,15.8,67
8937022,2023,5,4,18.2,15.1,13.3,72,24.1,10.2,120.87,0.4,3.4,17.3,14.5,12.8,75
8937022,2023,5,5,17.5,15.4,14.3,80,23.3,11.6,124.57,6.1,3.1,18.2,16,14.9,81
8937022,2023,5,6,18.3,15.3,13.6,73,24.5,10.7,186.39,1.2,4.2,23.8,17.9,14.8,56
8937022,2023,5,7,18,16,15,82,25.3,11.9,103.07,0.5,5.5,24.6,17.8,14.2,51
8937022,2023,5,8,18.5,15.5,13.8,76,26,11,125.68,0,5,25.7,16.3,10.3,37
8937022,2023,5,9,17.7,15.5,14.3,80,24.3,9.8,170.5,1.7,4.2,23.8,17.8,13.9,53
8937022,2023,5,10,18,16.2,15.3,83,24,11.8,203.63,0,5.5,23.7,17.2,13.6,52
8937022,2023,5,11,19,15.8,14,72,24.2,13,202.83,0.6,5.1,22.7,17.1,14,57
8937022,2023,5,12,18.2,15.4,13.9,76,26.9,12.2,161.44,7.7,2.7,26.5,17.5,12.4,40
8937022,2023,5,13,18,15.8,14.6,80,26.5,11.4,166.25,0,3.5,25.5,18.4,14.8,51
8937022,2023,5,14,18.8,16.4,15.2,79,25.2,12.6,153.81,0,5.5,24.7,18,14.6,52
8937022,2023,5,15,19.2,16.7,14,78,25.5,13.1,213.23,0,4,22.8,17.4,14.5,59
8937022,2023,5,16,20.1,16.2,14,68,25.5,13.6,220.52,         TR,5,24.9,18.8,15.5,56
8937022,2023,5,17,19.7,16.2,14.3,71,25.5,13.2,199.2,         TR,4.5,23.4,17.9,14.7,59
8937022,2023,5,18,18.9,16.4,15,78,26,11.6,133.31,11.1,4.1,21.5,16.4,13.4,60
8937022,2023,5,19,18.1,15.6,14.4,79,24,11,169.81,0,3,22.6,17.2,14.2,59
8937022,2023,5,20,18.6,15.2,13.2,71,28.6,10,90.49,0,3,26.7,17.3,10.8,37
8937022,2023,5,21,19.4,15.9,14,71,27.2,11.5,96.89,2.1,5,20.2,17.2,15.6,75
8937022,2023,5,22,19.6,16.5,14.8,74,26.7,13,120.72,13.5,2.5,24.2,17.7,14,53
8937022,2023,5,23,19.6,16.8,15.3,76,24,11.8,155.95,1.4,0.6,17.5,15.6,14.6,83
8937022,2023,5,24,18.6,16,14.5,77,25,11,183.84,2.2,1.2,24.6,17.8,13.8,51
8937022,2023,5,25,19.2,15.9,14,72,25.2,13.6,186.72,0,4.5,24.3,18.1,14.7,55
8937022,2023,5,26,18.4,15.5,13.7,74,23.4,13.8,262.72,0,5.5,23,17.2,13.8,56
8937022,2023,5,27,16.1,13.6,12.1,77,22.2,11.6,315.58,0,6,21.1,15.7,12.4,58
8937022,2023,5,28,16.2,13.4,11.6,74,23.4,13,282.7,0,4.5,22.7,16.2,12,51
8937022,2023,5,29,17.6,14,11.6,68,23.3,10.7,204.48,0,6,22.8,17.2,13.9,52
8937022,2023,5,30,17.9,15.1,13.9,79,23.8,12.6,129.25,5.1,3.1,22,16.9,14.1,60
8937022,2023,5,31,17.4,15,13.6,79,23.7,11.4,180.18,0,3.5,21.1,17.1,15,67
8641000,2023,5,1,24.1,22,22.4,86,27,22.5,,0,10,26.5,22.5,21.4,74
8641000,2023,5,2,25.4,23,21.1,79,32.6,24,,0,5,31.5,24.5,18.9,47
8641000,2023,5,3,27.7,23.1,21.2,66,31,24.8,,0,8,32.4,24.7,19.1,44
8641000,2023,5,4,27.1,23.5,21.3,69,33.4,25.4,,0,9,30.2,23.7,20.2,54
8641000,2023,5,5,28.2,23.7,20.9,67,33.8,25.8,,0,7.5,33.1,24.4,18.2,40
8641000,2023,5,6,29.1,24.1,20.4,60,34.9,26.5,,0,,34.6,25.4,16.9,33
8641000,2023,5,7,28.6,23.1,20.7,62,35.6,26.4,,0,8,35.1,25.1,17.2,35
8641000,2023,5,8,29.1,24,19.9,67,34.8,26.4,,0,7.5,34.6,25.4,17.6,34
8641000,2023,5,9,29.2,24.4,20.2,58,34.7,26.8,,0,7.5,35.1,25.2,16.7,34
8641000,2023,5,10,28.7,23.5,19.6,58,33.9,26.8,,0,7,33.4,25.4,18,36
8641000,2023,5,11,29.8,23.4,19.2,61,35.3,29.5,,0,7,35,25.4,17.1,34
8641000,2023,5,12,29.3,23.9,19.1,54,35.6,26.8,,0,7.5,35.4,25.6,17,31
8641000,2023,5,13,30.1,24.4,18.4,50,35.7,27.1,,0,7,35.2,25.7,17.1,31
8641000,2023,5,14,30.3,24.4,19.5,54,37.4,27.4,,0,7.5,36.9,25.9,15.7,26
8641000,2023,5,15,30.3,24.5,19.3,52,36.2,26.6,,0,7.5,35.7,25.5,16.3,31
8641000,2023,5,16,30,24.2,19,51,35.6,27.6,,0,8,35.6,25.9,16.6,29
8641000,2023,5,17,29.8,24.1,19.6,55,36.8,27.6,,0,9,36.6,24.6,16.7,26
8641000,2023,5,18,30.1,23.4,19.4,53,37.4,25,,0,8,36.4,24.8,14.7,26
8641000,2023,5,19,30.2,23.5,18.5,50,36.7,26.2,,0,9,36.3,25,16.5,31
8641000,2023,5,20,30.5,23.4,17.3,45,37.5,27.6,,0,8.5,36.7,25.6,16.2,27
8641000,2023,5,21,30.6,23.6,18.3,48,37.5,27.6,,4.1,9.5,37.2,25.1,16,33
8641000,2023,5,22,30.3,24.4,18.5,46,37.4,26.2,,0,6,37.2,25.5,16.1,29
8641000,2023,5,23,31.5,24,19.6,48,37.3,26.8,,0,11.6,36.7,24.6,17.4,31
8641000,2023,5,24,29.9,23.5,19.2,55,36.8,26.2,,0,10,36.5,25.1,16.3,32
8641000,2023,5,25,30.1,23,18.5,49,36.8,26.8,,0,8.5,36.2,24.5,15.8,29
8641000,2023,5,26,30.1,23,17.7,46,37.2,26.7,,0,9,36.7,23.4,16.5,31
8641000,2023,5,27,29,23.1,16.2,46,35.4,26.2,,0,7,35.1,23.7,16,31
8641000,2023,5,28,29.2,21.7,16.2,45,34.3,25.4,,0,7.5,33.3,22.5,13.9,29
8641000,2023,5,29,30.1,21.7,17.9,48,34.8,25.4,,0,8,34.7,22.7,14,28
8641000,2023,5,30,29.9,22.5,17.9,50,29.9,26.5,,0,7.5,35.1,23.7,14.7,29
8641000,2023,5,31,30.1,23,17.8,46,36.4,26,,0,6.5,35.5,24,15.1,29
9237000,2023,5,1,20.5,19.5,18.1,86,24.9,17.8,44,0,3,24.7,19.8,16.6,59
9237000,2023,5,2,21.6,20.2,18.7,83,28,17.5,97.4,0.4,2.9,27.7,21.7,17.5,54
9237000,2023,5,3,20.8,20.1,18.7,88,27.5,19.6,63.8,0,2.5,26.4,22,18.7,63
9237000,2023,5,4,21.9,20.7,19.1,85,29.1,20.2,80.8,0,3.5,28.2,21.7,17.1,51
9237000,2023,5,5,21.4,20,18.5,83,28.8,18.3,75.4,0,4,27.7,21.1,16.7,50
9237000,2023,5,6,21.9,19.8,18,78,29.4,20.1,95.6,0,4,28.7,21.6,16.5,48
9237000,2023,5,7,22.2,20,17.8,77,29.3,19.6,83.9,0,4.5,28,21.3,16.8,50
9237000,2023,5,8,23.2,20.6,18.2,74,29.8,20.1,89.9,0,4,29.3,21.7,16.6,46
9237000,2023,5,9,23.1,19.9,17.6,70,28.5,19.6,103.8,0,4,28.3,20.9,16,46
9237000,2023,5,10,21.8,19.6,17.6,77,29.3,20,98.8,0,4.5,28.9,21.4,16.7,46
9237000,2023,5,11,21.4,19.6,17.8,80,28.7,19,79.5,0,4.5,28.4,20.8,15.4,45
9237000,2023,5,12,21.9,18.9,16.6,71,30.8,17,104.9,0,6,30.5,20.8,14.2,36
9237000,2023,5,13,22.5,20,17.9,75,31.1,20.6,74.9,0,4,29.9,21.7,16.2,43
9237000,2023,5,14,23.1,19.8,17,69,29.9,17.9,78.1,0,5,29.3,20.8,14.5,41
9237000,2023,5,15,22.1,20.2,18.2,79,31,18.1,91.4,0,5.5,30.1,20.9,14.3,33
9237000,2023,5,16,21.7,18.7,16.7,71,31.6,16.5,105.5,0,5.5,30,21.2,14.7,40
9237000,2023,5,17,22.8,19.8,17.4,71,30.3,19.2,92.5,0,5,30.1,21.3,15.1,40
9237000,2023,5,18,21.5,19.1,17,75,30.5,17.2,83.5,0,4,28.8,21.1,15.5,45
9237000,2023,5,19,22.7,19.8,17.4,72,31.2,19.2,86.5,0,5,30,20.8,14.1,38
9237000,2023,5,20,21.8,18.6,16,69,32.1,16.4,67.8,0,4.5,31.5,20.9,13.6,33
9237000,2023,5,21,23.3,20.2,17.6,71,32.1,17.2,97.7,0,5.5,31.1,20.6,13.2,33
9237000,2023,5,22,22.5,20.5,18.6,79,31.5,20.4,124.7,0,5.5,30.3,20.4,15.9,42
9237000,2023,5,23,23.3,19.6,18.7,75,31.2,20.4,126.8,0,6,30.1,20.6,15.9,42
9237000,2023,5,24,22.3,20,16.1,68,31.6,17.5,94.9,0,6,29.7,21.3,12.1,31
9237000,2023,5,25,21.6,19.8,16.4,73,30.6,16,100,0,5,29.2,21,12.1,34
9237000,2023,5,26,21.1,19.6,15.9,72,31.6,17.1,108.8,0,4.5,23.8,21.6,13.1,37
9237000,2023,5,27,22.2,20.1,15.9,68,29.5,18.2,112.5,0,4.5,25.4,20.4,15.6,58
9237000,2023,5,28,21.9,19.4,16.2,74,27.3,17.2,133.3,2.2,1.1,24.3,20.6,15.6,55
9237000,2023,5,29,20.4,18.9,17.6,84,27,17.1,89.6,0,2,26.4,20.6,16.2,60
9237000,2023,5,30,20.2,19.8,16,77,25.4,15.9,74.7,0,3,29.1,21.6,14.6,48
9237000,2023,5,31,21.3,20,14.7,66,30.1,18.5,89.7,0,4,28.9,20.7,14.1,40
9340009,2023,5,1,24,23.1,22.6,92,28,23.1,72.2,3.4,11,27.8,24.3,22.7,74
9340009,2023,5,2,26.6,24.6,23.7,84,29.9,23.1,228,0,5,28.6,25.3,23.9,75
9340009,2023,5,3,29.5,24.9,22.8,67,30.8,24.4,225.7,4.2,5.2,25.3,23.9,23.2,88
9340009,2023,5,4,28.1,25,23.6,77,30.8,25.2,219.6,0,10,27.8,24.3,22.7,74
9340009,2023,5,5,29.5,24.8,22.6,66,31,25,183.3,9.7,3.7,28.5,25.7,24.5,79
9340009,2023,5,6,29.2,25.2,23.4,71,30.6,26.1,225,0,5.5,30.3,25.5,23.4,66
9340009,2023,5,7,29.6,25.1,23.1,68,30.4,26.6,206.1,0.6,6.1,29.9,25.1,22.9,66
9340009,2023,5,8,28.9,25,23.3,71,29.4,26.2,196.3,9.4,3.9,28.2,24.9,23.4,75
9340009,2023,5,9,27.9,24.5,22.9,74,30.2,25.6,180.8,4.7,4.7,29.9,25.5,23.6,69
9340009,2023,5,10,26.4,24.8,24.1,87,30.6,26.1,148.1,1.8,6.5,29.6,25.1,23.1,68
9340009,2023,5,11,29.1,25.6,24.1,74,30.6,25.6,178.7,23.2,3.7,30.5,25.3,23,64
9340009,2023,5,12,27.2,24.3,23,78,30.4,24.3,154.6,34,7.5,30.3,26.3,24.6,72
9340009,2023,5,13,27.6,25.2,24.2,81,30.1,24.6,150,3.2,3.2,29.8,25.7,23.9,71
9340009,2023,5,14,26.6,24.8,24,86,30.2,25.8,150.3,0,4.5,29.7,25.5,23.7,70
9340009,2023,5,15,29.1,25.4,23.8,73,30.7,26.5,235.6,2.6,7.6,30.3,25.7,23.7,68
9340009,2023,5,16,29,24.7,22.7,69,30.4,26,206,0,5,30,25.6,23.7,69
9340009,2023,5,17,28,25.1,23.8,78,30.2,26.6,177.9,25,4.5,25.1,24.2,23.8,92
9340009,2023,5,18,29.1,25.6,24.1,74,30.4,26.2,207.5,0,5,30.1,25.6,23.6,68
9340009,2023,5,19,27.9,24.9,23.6,77,30.5,26.4,151.3,0,5.5,30,25.4,23.4,67
9340009,2023,5,20,28.1,24.6,23,74,31.5,25.5,233.9,0,7,30.7,25.8,23.7,66
9340009,2023,5,21,29.1,25.7,24.3,75,30.8,27,166.1,9.3,2.3,25.9,23.9,23,84
9340009,2023,5,22,28,25.4,24.3,80,29.7,24.2,178.8,6.5,5,29.2,23.9,21.3,62
9340009,2023,5,23,28.6,24.9,23.2,73,29.9,24.2,222.3,0,7,29.2,24.7,22.6,68
9340009,2023,5,24,26.7,24.7,23.8,84,30.5,25.4,172.6,0,6,30,24.9,22.6,64
9340009,2023,5,25,27.4,24.6,23.3,78,29.1,25.4,157.9,5.5,2.5,26.5,24,22.8,80
9340009,2023,5,26,28.4,23.6,21.2,65,30.3,24.4,240.7,5.2,4.2,29.4,24.8,22.7,67
9340009,2023,5,27,28.7,24.9,23.2,72,29.9,25.4,140.1,6,4,29.3,24.8,22.7,68
9340009,2023,5,28,25.7,23.7,22.7,84,29.7,22.5,110,35.1,5.1,29.2,25.3,23.6,72
9340009,2023,5,29,23.7,22.7,22.2,91,29.7,22.4,125.6,63.1,32.1,29,24.7,22.7,69
9340009,2023,5,30,22.9,21.8,21.2,90,26.5,22.7,91.9,3.6,1.6,25.5,23.1,21.9,81
9340009,2023,5,31,27.5,24.2,22.7,75,29.6,22.9,148,11,3.5,27.4,24.7,23.5,79
8937065,2023,5,1,17.5,16.3,15.8,89,20.8,16.1,2.1,6.1,2.6,19.8,18.1,17.4,85
8937065,2023,5,2,17.4,16.6,16.3,92,23.1,12.7,6.1,0.6,1.6,21.9,18.5,17,72
8937065,2023,5,3,18.4,16.8,16.1,85,23,16.8,6.8,0,2,21.7,18.7,17.4,75
8937065,2023,5,4,17.9,15.9,14.9,82,24.3,12.9,8.5,TR,3,23.8,19.2,17.1,65
8937065,2023,5,5,19.3,16.4,14.9,75,24.4,14.2,10,0,3.5,24.1,19.5,17.5,65
8937065,2023,5,6,18.1,16,14.9,81,24.2,14.3,16.7,0,2,23.7,18.6,16.7,65
8937065,2023,5,7,18.3,16.7,15.3,90,23.4,16.9,10.3,0,3,22.8,18.5,17.5,69
8937065,2023,5,8,19.4,17.1,15.6,78,23.7,15.4,7.9,0,3,23.1,19.3,17.7,70
8937065,2023,5,9,17.8,16.5,15.3,89,23,16.2,13.1,22.7,5.7,22.9,18.6,16.6,66
8937065,2023,5,10,17.5,16.4,15.9,90,22.8,15.9,17.4,TR,3,22.2,18.6,17,71
8937065,2023,5,11,19.3,16.1,14.4,72,23,16.5,17.1,0,3,22.5,18.1,15.9,65
8937065,2023,5,12,20.1,16.3,14.2,68,25,14.8,15.3,0,4.5,24.9,19,16.2,57
8937065,2023,5,13,17.7,16,15.2,84,25.6,13.9,13.9,TR,4.5,24.8,19.5,17.1,61
8937065,2023,5,14,19.2,17.2,16.3,82,25.5,17,11,0,4,25.1,19.9,17.6,62
8937065,2023,5,15,18.8,16.7,15.7,81,24,15.8,7.6,0,2,23.8,20.1,16.7,73
8937065,2023,5,16,19.7,16,13.9,68,24.4,16.4,17.4,0,4,23.6,18.2,16,64
8937065,2023,5,17,19.7,17.7,16.1,81,23.7,17.2,15.1,0,3.5,22.8,17.8,17.7,64
8937065,2023,5,18,19.7,16.2,14.3,70,24.4,17.2,15.2,0,4,23.8,18.3,16.2,59
8937065,2023,5,19,18.5,16.6,15.8,84,24.4,16.2,1.4,0,3.5,23.6,18.4,16.6,60
8937065,2023,5,20,20.5,17.7,15.1,73,25.7,12.4,7.8,0,5,25,19.8,17.7,62
8937065,2023,5,21,19.6,16.6,15,74,24.2,12.9,9.8,0,3,24.1,19.2,16.6,63
8937065,2023,5,22,19.7,17,15.7,77,25.5,14.3,11.4,0,4,25.1,19.6,17,60
8937065,2023,5,23,18.8,17.2,16.5,85,24.7,17.5,13.6,2.1,3.1,24.5,19,17.2,59
8937065,2023,5,24,17.5,16.2,15.6,88,25.6,16.6,17.4,0,3,23.5,18.3,16.2,64
8937065,2023,5,25,18.1,16.5,15.4,85,23.9,16.5,14.1,0,3,22.8,18.1,16.5,64
8937065,2023,5,26,18.9,16.3,15,77,23.4,15.9,31.5,0,4,22.6,17,16.3,57
8937065,2023,5,27,18,15.4,14,76,23.3,15.5,53.4,0,5.5,22.9,17.4,15.4,58
8937065,2023,5,28,18.4,15.6,14.1,75,24,14.8,47,0,5.5,23.4,16.3,15.6,48
8937065,2023,5,29,18.4,14.3,11.7,64,24.1,15.2,40.1,0,4,23.2,17.1,14.3,57
8937065,2023,5,30,19.6,17.1,15.9,79,24.1,15.3,17.9,0,4,22.7,17.5,17.1,60
8937065,2023,5,31,18.2,16.1,14.5,74,24.6,13.3,21.1,0,5,23.7,18.3,16.1,62
9136087,2023,5,1,18.4,17.4,16.9,91,21.7,16.4,10.94,4.3,1.6,20.4,17.8,16.6,79
9136087,2023,5,2,18.6,17,16.2,86,25.2,16.4,18,1.1,4,25,19,16.3,59
9136087,2023,5,3,17.9,16.8,16.3,90,22.6,17.4,16.44,0,3.5,22.3,18.1,16.1,68
9136087,2023,5,4,17.5,16,15.3,87,25.5,16.5,13.27,0,2,25,17.3,13.8,50
9136087,2023,5,5,17.5,16.5,16,91,26,15.7,16.16,0,4,25.6,17.5,13.4,47
9136087,2023,5,6,19.8,17.3,16.1,79,25.9,16.6,17.87,0,4,25.4,18.1,14.6,51
9136087,2023,5,7,18.8,16.9,16,84,26.4,17.1,14.99,0,2.5,25,18,14.7,53
9136087,2023,5,8,19.4,17.1,16,81,25.5,16.5,17.1,11,3,25,17.8,14.3,51
9136087,2023,5,9,17.8,16.9,16.5,92,24.7,16.9,14.42,1.4,3.4,23.8,17.9,15.1,58
9136087,2023,5,10,19.4,16.8,15.5,78,24,16.8,11.82,0.9,1.9,22.4,18.1,16.1,68
9136087,2023,5,11,17.8,16.8,16.3,91,24.2,16.4,12.96,0,2.5,24.4,18.3,15.5,57
9136087,2023,5,12,19.6,16.9,15.6,78,26,16.2,13.46,0,2.5,25.5,18,14.4,50
9136087,2023,5,13,19.9,17,15.6,76,27,17.1,16.61,0.7,5.2,26.4,17.9,13.7,43
9136087,2023,5,14,18.3,17.1,16.5,89,25.6,17.2,9.61,0,3.5,25.5,19.1,16.3,57
9136087,2023,5,15,18.3,16.7,15.9,86,25.6,16,12.44,0,3,24.5,18.8,16.2,60
9136087,2023,5,16,18.5,16.5,15.5,83,25.5,17.4,15.56,TRACE,2.5,24.6,18.1,15,55
9136087,2023,5,17,18.4,17.3,16.8,90,25,17.2,13.37,0,1.5,24,18,15.2,58
9136087,2023,5,18,19,16.5,15.5,82,26,17,13.02,0,3,25.3,18.1,14.7,52
9136087,2023,5,19,18.5,16.9,16.1,86,25.2,16.6,11.01,0,2.5,24.5,17.9,14.7,55
9136087,2023,5,20,19.5,16.8,15.5,78,29.4,14.2,8.3,0,4.5,27.4,17.5,12.4,39
9136087,2023,5,21,20.2,17.2,15.8,76,27.7,15,16.16,0,4,26.9,18.5,14.5,47
9136087,2023,5,22,20.3,17.9,16.8,80,27.8,17.7,14.68,5.1,3.1,27,18,13.6,44
9136087,2023,5,23,19.5,17.2,16.1,81,26.5,17.7,15.16,1,4,24.6,18.5,15.7,58
9136087,2023,5,24,18.1,16.6,15.9,87,26.5,17.1,16.92,0,4.5,26,19,15.9,54
9136087,2023,5,25,20.3,16.7,14.9,71,26.5,16.1,19.8,0,3.5,26.6,18.3,14.3,47
9136087,2023,5,26,18.2,16.7,14.4,79,24.7,16,18.1,0,3.5,24.3,16.8,13.4,57
9136087,2023,5,27,16.1,14.8,14.1,88,22.4,15.1,13.58,4.9,1.4,21,15.9,13.2,61
9136087,2023,5,28,17,15.6,14.9,87,24.7,15.1,22.3,2.7,5.2,23.7,16.5,12.7,50
9136087,2023,5,29,16.9,15.4,14.6,86,20.7,14.8,12.31,1,1,20.2,17,15.5,74
9136087,2023,5,30,18.8,15.4,13.6,72,22.7,15.5,11.68,0,1.5,22.2,17.4,15.1,64
9136087,2023,5,31,18.1,16.1,15.1,83,25.1,16.4,12.57,0,3.5,24.3,17.8,14.7,55
9439021,2023,5,1,24.2,23,22.4,90,27.7,23.3,38.1,0.4,,27.5,24.6,23.3,78
9439021,2023,5,2,26.4,24.3,23.3,83,29.3,23.5,107.7,TR,,28.6,24.5,22.6,70
9439021,2023,5,3,27.2,24.6,23.4,80,29.8,23.9,120.6,0.8,,25.4,23.2,22.1,82
9439021,2023,5,4,28,24.8,23.4,76,29.9,23.8,175.6,14,,24.6,23.5,23,91
9439021,2023,5,5,25,23.8,23.2,90,30.8,23.9,42.8,1.4,,30.2,25.4,23.3,66
9439021,2023,5,6,27.1,25.3,24.5,86,30.7,24.4,109.7,2.9,,30.2,25.7,23.8,68
9439021,2023,5,7,26.8,25.5,25,90,29.8,24.7,99.6,TR,,27.1,24.4,23.2,79
9439021,2023,5,8,28,25.2,24,79,29.9,24.7,136,1.4,,28.6,25.2,23.7,75
9439021,2023,5,9,25.6,23.8,22.9,85,29.9,24.6,91.9,1.5,,29.3,25,23.1,69
9439021,2023,5,10,26.5,24.6,23.7,85,30.6,24,127.6,2.6,,30.1,24.3,21.5,60
9439021,2023,5,11,27.2,24.2,22.8,77,30.8,24.3,101.2,3.4,,30.2,24.3,21.5,59
9439021,2023,5,12,25.8,24.4,23.8,89,30.8,24,80,17.8,,29.9,25.8,24,71
9439021,2023,5,13,24.2,23.6,23.3,95,30.8,24.1,117.8,0.9,,29.9,25.2,23.1,67
9439021,2023,5,14,27.8,25,23.8,79,31.1,24.8,94.6,0,,30.7,24.9,22.2,60
9439021,2023,5,15,27.6,25.6,24.8,84,31.7,24.2,105,0,,31.2,25,22.1,58
9439021,2023,5,16,28.3,25.5,24.3,79,31.4,25,100.8,1,,30.9,25.1,22.5,61
9439021,2023,5,17,26.1,24.7,24.1,89,31.7,24.8,142.5,0,,30.8,24.5,21.5,57
9439021,2023,5,18,28,24.8,23.4,76,31.2,24,126.3,0,,30.2,25.3,23.1,66
9439021,2023,5,19,28.1,24.8,23.3,75,31.7,24.7,100.1,0,,31.1,23.7,19.9,51
9439021,2023,5,20,27.5,25.2,24.2,82,31.6,24.9,116.9,0.4,,31.2,25.2,22.5,60
9439021,2023,5,21,28.5,25.3,23.9,76,30.1,24.4,109.9,4,,27.9,25.8,24.9,84
9439021,2023,5,22,25.4,24.1,23.5,89,29.8,24.5,74.5,15.2,,29.7,26.1,24.6,74
9439021,2023,5,23,28,24.9,23.5,76,30.6,23.8,104.7,0,,29.6,24.9,22.8,67
9439021,2023,5,24,27.2,25,24,83,30.8,23.8,107.3,0,,30,24.4,21.7,61
9439021,2023,5,25,27.1,24.8,23.8,82,31.2,23.8,123.3,24.3,,30.3,24.4,21.6,59
9439021,2023,5,26,26.2,24.7,24,88,30.6,23.7,135,0.3,,30.3,24,20.9,57
9439021,2023,5,27,26.1,23.8,22.7,82,30.4,22.6,138.8,11.5,,27,23.5,21.8,73
9439021,2023,5,28,24.7,23.4,22.8,89,29,22.2,141.6,28.2,,24.6,23.3,22.7,89
9439021,2023,5,29,24.6,21.9,20.4,78,29.4,23.4,193.8,26.1,,28.9,23.6,21,62
9439021,2023,5,30,25.2,23.4,22.5,85,27.9,23.5,119,12.5,,27.9,23.4,21.2,67
9439021,2023,5,31,25.5,23.7,22.8,85,26.4,23.3,115.1,14.1,,24,23.3,22.9,94
